ENTE P２LICO,MONTO                           ,FORMA DE PAGO,PLAZO,UNIDAD DEL PLAZO,N＝ERO DE REGISTRO,FECHA DE REGISTRO,ACREEDOR
"GOBIERNO DEL ESTADO DE M텢ICO,0,NO APLICA,0,SIN PLAZO,000-01-C-072-000-05,2005-08-03,""JP MORGAN, F/0205"""
"MUNICIPIO DE CUAUTITL쳁 IZCALLI,200000000,MENSUALMENTE,180,MESES,024-02-B-052-000-07,2007-04-19,""BBVA BANCOMER, S.A."""
"MUNICIPIO DE CUAUTITL쳁,60500000,MENSUALMENTE,180,MESES,025-02-B-004-000-08,2008-01-17,""BANCO NACIONAL DE OBRAS Y SERVICIOS P２LICOS, S.N.C."""
"MUNICIPIO DE TEOTIHUACAN,18085000,MENSUALMENTE,180,MESES,095-02-B-049-000-08,2008-03-07,""BANCO NACIONAL DE OBRAS Y SERVICIOS P２LICOS, S.N.C."""
"GOBIERNO DEL ESTADO DE M텢ICO,0,NO APLICA,0,TIEMPO INDEFINIDO,000-01-B-079-000-08,2008-04-17,""CONTRATO MARCO / BANCO NACIONAL DE OBRAS Y SERVICIOS P２LICOS, S.N.C."""
"MUNICIPIO DE CHALCO,47136383,MENSUALMENTE,179,MESES,026-02-B-127-000-08,2008-07-04,""BANCO INTERACCIONES, S.A."""
"MUNICIPIO DE MELCHOR OCAMPO,66000000,MENSUALMENTE,156,MESES,057-02-B-036-001-09,2010-03-26,""BANCA MIFEL, S.A."""
"MUNICIPIO DE TLALMANALCO,19703477.78,MENSUALMENTE,180,MESES,106-02-B-050-000-09,2009-05-01,""BANCO NACIONAL DE OBRAS Y SERVICIOS P２LICOS, S.N.C."""
"MUNICIPIO DE TLALMANALCO,19703477.78,MENSUALMENTE,180,MESES,106-02-B-050-001-09,2009-08-19,""BANCO NACIONAL DE OBRAS Y SERVICIOS P２LICOS, S.N.C."""
MUNICIPIO DE PAPALOTLA,0,MENSUALMENTE,240,MESES ,072-02-B-040-000-10,2010-04-06,ISSEMYM
MUNICIPIO DE TEXCOCO,13184738.76,MENSUALMENTE,240,MESES ,102-02-B-043-000-10,2010-04-06,ISSEMYM
MUNICIPIO DE APAXCO,0,MENSUALMENTE,240,MESES ,010-02-B-065-000-10,2010-04-30,ISSEMYM
MUNICIPIO DE COATEPEC HARINAS,0,MENSUALMENTE,240,MESES ,021-02-B-066-000-10,2010-04-30,ISSEMYM
MUNICIPIO DE JILOTZINGO,0,MENSUALMENTE,240,MESES ,048-02-B-067-000-10,2010-04-30,ISSEMYM
MUNICIPIO DE ZACUALPAN,0,MENSUALMENTE,240,MESES ,122-02-B-069-000-10,2010-04-30,ISSEMYM
MUNICIPIO DE ACULCO,0,MENSUALMENTE,237,MESES,003-02-B-096-000-10,2010-05-13,ISSEMYM
MUNICIPIO DE AYAPANGO,1040247.69,MENSUALMENTE,120,MESES,017-02-B-098-000-10,2010-05-13,ISSEMYM
MUNICIPIO DE ATLAUTLA,0,MENSUALMENTE,236,MESES,015-02-B-101-000-10,2010-05-14,ISSEMYM
MUNICIPIO DE JOQUICINGO,1890522.83,MENSUALMENTE,238,MESES,051-02-B-103-000-10,2010-05-14,ISSEMYM
MUNICIPIO DE ACAMBAY,932230.7,MENSUALMENTE,240,MESES ,001-02-B-104-000-10,2010-05-14,ISSEMYM
MUNICIPIO DE ATIZAPAN,0,MENSUALMENTE,238,MESES,012-02-B-114-000-10,2010-05-24,ISSEMYM
MUNICIPIO DE CUAUTITL쳁 ,81876319.64,MENSUALMENTE,238,MESES,025-02-B-117-000-10,2010-05-24,ISSEMYM
MUNICIPIO DE TEMASCALAPA,0,MENSUALMENTE,238,MESES,087-02-B-118-000-10,2010-05-24,ISSEMYM
MUNICIPIO DE JILOTZINGO,0,MENSUALMENTE,238,MESES,048-02-B-119-000-10,2010-05-24,ISSEMYM
MUNICIPIO DE ATENCO,0,MENSUALMENTE,238,MESES,011-02-B-120-000-10,2010-05-24,ISSEMYM
MUNICIPIO DE EL ORO,0,MENSUALMENTE,238,MESES,036-02-B-121-000-10,2010-05-24,ISSEMYM
MUNICIPIO DE TENANGO DEL VALLE,0,MENSUALMENTE,238,MESES,093-02-B-122-000-10,2010-05-24,ISSEMYM
MUNICIPIO DE TULTEPEC,0,MENSUALMENTE,238,MESES,112-02-B-124-000-10,2010-05-25,ISSEMYM
"MUNICIPIO DE CUAUTITL쳁 IZCALLI,200000000,MENSUALMENTE,180,MESES,024-02-B-052-002-07,2010-06-03,""BBVA BANCOMER, S.A."""
MUNICIPIO DE OCUILAN,0,MENSUALMENTE,238,MESES,067-02-B-139-000-10,2010-06-08,ISSEMYM
MUNICIPIO DE CALIMAYA,0,MENSUALMENTE,237,MESES,018-02-B-143-000-10,2010-06-15,ISSEMYM
MUNICIPIO DE CAPULHUAC,0,MENSUALMENTE,238,MESES,019-02-B-144-000-10,2010-06-15,ISSEMYM
MUNICIPIO DE TEOLOYUCAN,3637652.88,MENSUALMENTE,237,MESES,094-02-B-146-000-10,2010-06-15,ISSEMYM
"GOBIERNO DEL ESTADO DE M텢ICO,18000000,MENSUALMENTE,21,A헲S,000-01-B-167-000-10,2010-07-01,""BANSI BANCA MULTIPLE, S.A."""
MUNICIPIO DE JILOTEPEC,0,MENSUALMENTE,237,MESES,046-01-B-174-000-10,2010-07-06,ISSEMYM
MUNICIPIO DE VILLA DE ALLENDE,0,MENSUALMENTE,237,MESES,116-02-B-175-000-10,2010-07-06,ISSEMYM
MUNICIPIO DE CHIAUTLA,0,MENSUALMENTE,236,MESES,029-02-B-178-000-10,2010-07-12,ISSEMYM
MUNICIPIO DE CHAPULTEPEC,0,MENSUALMENTE,236,MESES,028-02-B-179-000-10,2010-07-12,ISSEMYM
MUNICIPIO DE OTUMBA,0,MENSUALMENTE,235,MESES,068-02-B-180-000-10,2010-07-12,ISSEMYM
MUNICIPIO DE ISIDRO FABELA,0,MENSUALMENTE,236,MESES,040-02-B-181-000-10,2010-07-12,ISSEMYM
MUNICIPIO DE AMANALCO,0,MENSUALMENTE,235,MESES,007-02-B-183-000-10,2010-07-12,ISSEMYM
"MUNICIPIO DE TOLUCA,158000000,MENSUALMENTE,120,MESES,109-02-B-186-000-10,2010-07-15,""BBVA BANCOMER, S.A."""
MUNICIPIO DE HUEYPOXTLA,0,MENSUALMENTE,234,MESES,038-02-B-212-000-10,2010-08-10,ISSEMYM
"INSTITUTO DE LA FUNCI흁 REGISTRAL DEL ESTADO DE M텢ICO,0,NO APLICA,0,TIEMPO INDEFINIDO,000-03-B-215-000-10,2010-08-23,""PROMOTORA DE INFRAESTRUCTURA REGISTRAL, S.A. DE C.V. SOFOM, ENR. """
MUNICIPIO DE VILLA VICTORIA,0,MENSUALMENTE,236,MESES,119-02-B-216-000-10,2010-08-24,ISSEMYM
MUNICIPIO DE ALMOLOYA DE ALQUISIRAS,0,MENSUALMENTE,236,MESES,004-02-B-217-000-10,2010-08-24,ISSEMYM
MUNICIPIO DE TLALMANALCO,0,MENSUALMENTE,236,MESES,103-02-B-221-000-10,2010-08-25,ISSEMYM
MUNICIPIO DE TEXCALTITL쳁,19431.12,MENSUALMENTE,236,MESES,100-02-B-238-000-10,2010-09-06,ISSEMYM
MUNICIPIO DE DONATO GUERRA,0,MENSUALMENTE,236,MESES,033-02-B-247-000-10,2010-09-21,ISSEMYM
MUNICIPIO DE ATIZAPAN DE ZARAGOZA,0,MENSUALMENTE,236,MESES,013-02-B-268-000-10,2010-10-11,ISSEMYM
MUNICIPIO DE NAUCALPAN DE JUREZ ,2216301.18,MENSUALMENTE,236,MESES,061-02-B-278-000-10,2010-10-18,ISSEMYM
"MUNICIPIO DE METEPEC,173000000,MENSUALMENTE,180,MESES,058-02-B-303-000-10,2010-10-28,""BANCO SANTANDER, S.A."""
"MUNICIPIO DE NICOL쳅 ROMERO,68000000,MENSUALMENTE,176,MESES,064-02-B-206-001-08,2010-12-10,""BANCO INTERACCIONES, S.A."""
"MUNICIPIO DE CUAUTITL쳁 IZCALLI,71504212.38,MENSUALMENTE,180,MESES,024-02-B-370-000-10,2010-12-10,""BANCO INTERACCIONES, S.A."""
"INSTITUTO DE LA FUNCI흁 REGISTRAL DEL ESTADO DE M텢ICO,60000000,MENSUALMENTE,263,MESES,000-01-B-035-000-11,2011-03-10,""BANCO NACIONAL DE OBRAS Y SERVICIOS P２LICOS, S.N.C."""
"INSTITUTO DE LA FUNCI흁 REGISTRAL DEL ESTADO DE M텢ICO,0,NO APLICA,0,TIEMPO INDEFINIDO,085-03-B-045-000-11,2011-03-17,""DEUTSCHE BANK MEXICO, S.A."""
"MUNICIPIO DE CUAUTITL쳁,132295450,MENSUALMENTE,10,A헲S,025-02-B-089-000-11,2011-04-15,""BANCO MULTIVA, S.A."""
MUNICIPIO DE CHIMALHUAC쳁,38102791.31,MENSUALMENTE,228,MESES ,032-02-B-110-000-11,2011-05-12,ISSEMYM
MUNICIPIO DE VALLE DE BRAVO,1791950.72,MENSUALMENTE,228,MESES ,114-02-B-112-000-11,2011-05-12,ISSEMYM
MUNICIPIO DE TIANGUISTENCO,387416.73,MENSUALMENTE,229,MESES ,104-02-B-113-000-11,2011-05-12,ISSEMYM
MUNICIPIO DE CHAPA DE MOTA,2759209.44,MENSUALMENTE,228,MESES ,027-02-B-114-000-11,2011-05-12,ISSEMYM
MUNICIPIO DE ECATEPEC DE MORELOS,52280328.69,MENSUALMENTE,227,MESES ,034-02-B-115-000-11,2011-05-16,ISSEMYM
MUNICIPIO DE TENANGO DEL AIRE,1018826.53,MENSUALMENTE,229,MESES ,092-02-B-116-000-11,2011-05-16,ISSEMYM
MUNICIPIO DE SAN MATEO ATENCO,2577404.77,MENSUALMENTE,229,MESES ,079-02-B-117-000-11,2011-05-16,ISSEMYM
MUNICIPIO DE OZUMBA,519450.26,MENSUALMENTE,228,MESES ,071-02-B-118-000-11,2011-05-16,ISSEMYM
MUNICIPIO DE RAY흁,169956.73,MENSUALMENTE,229,MESES ,074-02-B-119-000-11,2011-05-16,ISSEMYM
MUNICIPIO DE COACALCO DE BERRIOZ첵AL,28603012.14,MENSUALMENTE,229,MESES ,020-02-B-122-000-11,2011-05-24,ISSEMYM
MUNICIPIO DE ATLACOMULCO,1226837.86,MENSUALMENTE,227,MESES ,014-02-B-123-000-11,2011-05-24,ISSEMYM
MUNICIPIO DE AMATEPEC,2322740.89,MENSUALMENTE,229,MESES ,008-02-B-124-000-11,2011-05-24,ISSEMYM
MUNICIPIO DE TEC쳀AC,3487112.1,MENSUALMENTE,229,MESES ,084-02-B-125-000-11,2011-05-24,ISSEMYM
MUNICIPIO DE TENANCINGO,9760185.55,MENSUALMENTE,228,MESES ,091-02-B-126-000-11,2011-05-24,ISSEMYM
MUNICIPIO DE AXAPUSCO,1974631.69,MENSUALMENTE,228,MESES ,016-02-B-127-000-11,2011-05-24,ISSEMYM
"MUNICIPIO DE IXTAPALUCA,120000000,MENSUALMENTE,156,MESES,041-02-B-128-000-11,2011-05-25,""BANORTE, BANCO MERCANTIL DEL NORTE S.A."""
MUNICIPIO DE ZUMPANGO,30097264.01,MENSUALMENTE,62,MESES,125-02-B-130-000-11,2011-05-26,ISSEMYM
MUNICIPIO DE TULTITL쳁,44721608.03,MENSUALMENTE,226,MESES,113-02-B-131-000-11,2011-05-26,ISSEMYM
MUNICIPIO DE TEPOTZOTL쳁,1844572.49,MENSUALMENTE,165,MESES,098-02-B-136-000-11,2011-05-31,ISSEMYM
MUNICIPIO DE TEMASCALTEPEC,639264.74,MENSUALMENTE,226,MESES,089-02-B-138-000-11,2011-05-31,ISSEMYM
MUNICIPIO DE SAN SIM흁 DE GUERRERO,251319.64,MENSUALMENTE,226,MESES,080-02-B-139-000-11,2011-05-31,ISSEMYM
MUNICIPIO DE MELCHOR OCAMPO,6573835.66,MENSUALMENTE,226,MESES,057-02-B-140-000-11,2011-05-31,ISSEMYM
MUNICIPIO DE LERMA,20371505.24,MENSUALMENTE,224,MESES,053-02-B-142-000-11,2011-06-03,ISSEMYM
MUNICIPIO DE NICOL쳅 ROMERO,48225047.28,MENSUALMENTE,165,MESES,064-02-B-143-000-11,2011-06-03,ISSEMYM
MUNICIPIO DE CUAUTITL쳁 IZCALLI,189065856.7,MENSUALMENTE,165,MESES,024-02-B-144-000-11,2011-06-03,ISSEMYM
MUNICIPIO DE ECATZINGO,817704.98,MENSUALMENTE,226,MESES,035-02-B-145-000-11,2011-06-03,ISSEMYM
MUNICIPIO DE HUIXQUILUCAN,140656648.6,MENSUALMENTE,226,MESES,039-02-B-146-000-11,2011-06-03,ISSEMYM
MUNICIPIO DE CHICOLOAPAN ,6801298.64,MENSUALMENTE,165,MESES,030-02-B-147-000-11,2011-06-06,ISSEMYM
MUNICIPIO DE AMECAMECA,1476053.86,MENSUALMENTE,226,MESES,009-02-B-148-000-11,2011-06-06,ISSEMYM
MUNICIPIO DE CHALCO,67664155.03,MENSUALMENTE,226,MESES,026-02-B-149-000-11,2011-06-06,ISSEMYM
MUNICIPIO DE COYOTEPEC,23151663.15,MENSUALMENTE,226,MESES,023-02-B-150-000-11,2011-06-06,ISSEMYM
MUNICIPIO DE IXTAPALUCA,70097316.64,MENSUALMENTE,226,MESES,041-02-B-151-000-11,2011-06-06,ISSEMYM
MUNICIPIO DE JALTENCO,1090259.98,MENSUALMENTE,226,MESES,046-02-B-152-000-11,2011-06-06,ISSEMYM
"MUNICIPIO DE TEC쳀AC,160000000,MENSUALMENTE,180,MESES,084-02-B-214-000-11,2011-07-21,""BANCO MERCANTIL DEL NORTE, S.A."""
"MUNICIPIO DE VILLA DEL CARB흁,37000000,MENSUALMENTE,144,MESES,117-02-B-282-000-11,2011-10-27,""BANCO NACIONAL DE OBRAS Y SERVICIOS P２LICOS, S.N.C."""
MUNICIPIO DE ACULCO,0,MENSUALMENTE,219,MESES,003-02-B-096-001-10,2011-12-19,ISSEMYM
"MUNICIPIO DE SULTEPEC,70000000,MENSUALMENTE,190,MESES,083-02-B-047-000-12,2012-05-30,""BANCO INTERACCIONES, S.A."""
"GOBIERNO DEL ESTADO DE M텢ICO,3017550408,MENSUALMENTE,240,MESES,000-01-B-060-000-12,2012-06-07,""BANCO NACIONAL DE OBRAS Y SERVICIOS P２LICOS, S.N.C."""
"GOBIERNO DEL ESTADO DE M텢ICO,3017550418,MENSUALMENTE,240,MESES,000-01-B-060-001-12,2012-08-16,""BANCO NACIONAL DE OBRAS Y SERVICIOS P２LICOS, S.N.C."""
"MUNICIPIO DE LERMA,95875000,MENSUALMENTE,15,A헲S,053-02-B-145-000-12,2012-10-04,""BANCO MERCANTIL DEL NORTE, S.A."""
"MUNICIPIO DE TOLUCA,150000000,MENSUALMENTE,132,MESES,109-02-B-058-001-08,2012-10-25,""BANCO DEL BAJ펦, S.A."""
"MUNICIPIO DE NICOL쳅 ROMERO,180000000,MENSUALMENTE,155,MESES,064-02-B-371-002-10,2012-12-17,""BANCO INTERACCIONES, S.A."""
MUNICIPIO DE HUEHUETOCA,0,MENSUALMENTE,28,MESES,037-02-B-158-000-13,2013-10-09,ISSEMYM
"GOBIERNO DEL ESTADO DE M텢ICO,0,NO APLICA,0,TIEMPO INDEFINIDO,000-01-C-254-000-13,2013-12-18,""BANCO INVEX, S.A. """
"MUNICIPIO DE TULTITL쳁,150000000,MENSUALMENTE,180,MESES,113-02-B-255-FEFOM-13,2013-12-18,""BANCO NACIONAL DE OBRAS Y SERVICIOS P２LICOS, S.N.C."""
"MUNICIPIO DE TULTITL쳁,0,MENSUALMENTE,180,MESES,113-02-B-255-FEFOM-01-13,2013-12-18,""BANCO NACIONAL DE OBRAS Y SERVICIOS P２LICOS, S.N.C."""
"MUNICIPIO DE NAUCALPAN DE JUREZ,510000000,MENSUALMENTE,300,MESES,061-02-B-256-FEFOM-13,2013-12-18,""BANCO NACIONAL DE OBRAS Y SERVICIOS P２LICOS, S.N.C."""
"MUNICIPIO DE NAUCALPAN DE JUREZ,0,MENSUALMENTE,300,MESES,061-02-B-256-FEFOM-01-13,2013-12-18,""BANCO NACIONAL DE OBRAS Y SERVICIOS P２LICOS, S.N.C."""
"MUNICIPIO DE NAUCALPAN DE JUREZ,0,MENSUALMENTE,300,MESES,061-02-B-256-FEFOM-02-13,2013-12-18,""BANCO NACIONAL DE OBRAS Y SERVICIOS P２LICOS, S.N.C."""
"MUNICIPIO DE TLALNEPANTLA DE BAZ,460000000,MENSUALMENTE,300,MESES,107-02-B-257-FEFOM-13,2013-12-18,""BANCO NACIONAL DE OBRAS Y SERVICIOS P２LICOS, S.N.C."""
"MUNICIPIO DE TEXCOCO,150000000,MENSUALMENTE,240,MESES,102-02-B-258-FEFOM-13,2013-12-18,""BANCO NACIONAL DE OBRAS Y SERVICIOS P２LICOS, S.N.C."""
"MUNICIPIO DE ZUMPANGO,135000000,MENSUALMENTE,240,MESES,125-02-B-259-FEFOM-13,2013-12-18,""BANCO NACIONAL DE OBRAS Y SERVICIOS P２LICOS, S.N.C."""
"MUNICIPIO DE ZUMPANGO,0,MENSUALMENTE,240,MESES,125-02-B-259-FEFOM-01-13,2013-12-18,""BANCO NACIONAL DE OBRAS Y SERVICIOS P２LICOS, S.N.C."""
"MUNICIPIO DE SOYANIQUILPAN DE JUREZ,20000000,MENSUALMENTE,180,MESES,082-02-B-260-FEFOM-13,2013-12-18,""BANCO NACIONAL DE OBRAS Y SERVICIOS P２LICOS, S.N.C."""
"MUNICIPIO DE ATLACOMULCO,20000000,MENSUALMENTE,180,MESES,014-02-B-261-FEFOM-13,2013-12-18,""BANCO NACIONAL DE OBRAS Y SERVICIOS P２LICOS, S.N.C."""
"MUNICIPIO DE TENANGO DEL VALLE,30000000,MENSUALMENTE,180,MESES,093-02-B-262-FEFOM-13,2013-12-18,""BANCO NACIONAL DE OBRAS Y SERVICIOS P２LICOS, S.N.C."""
"MUNICIPIO DE HUIXQUILUCAN,430000000,MENSUALMENTE,300,MESES,039-02-B-263-FEFOM-13,2013-12-18,""BANCO NACIONAL DE OBRAS Y SERVICIOS P２LICOS, S.N.C."""
"MUNICIPIO DE HUIXQUILUCAN,0,MENSUALMENTE,300,MESES,039-02-B-263-FEFOM-01-13,2013-12-18,""BANCO NACIONAL DE OBRAS Y SERVICIOS P２LICOS, S.N.C."""
"MUNICIPIO DE ATIZAPAN DE ZARAGOZA,450000000,MENSUALMENTE,240,MESES,013-02-B-264-FEFOM-13,2013-12-18,""BANCO NACIONAL DE OBRAS Y SERVICIOS P２LICOS, S.N.C."""
"MUNICIPIO DE JILOTEPEC,50000000,MENSUALMENTE,180,MESES,046-02-B-087-FEFOM-14,2014-04-08,""BANCO NACIONAL DE OBRAS Y SERVICIOS P２LICOS, S.N.C."""
"MUNICIPIO DE JOQUICINGO,10000000,MENSUALMENTE,180,MESES,050-02-B-088-FEFOM-14,2014-04-08,""BANCO NACIONAL DE OBRAS Y SERVICIOS P２LICOS, S.N.C."""
"MUNICIPIO DE VALLE DE CHALCO SOLIDARIDAD,100000000,MENSUALMENTE,240,MESES,111-02-B-089-FEFOM-14,2014-04-08,""BANCO NACIONAL DE OBRAS Y SERVICIOS P２LICOS, S.N.C."""
"MUNICIPIO DE TULTEPEC,75000000,MENSUALMENTE,240,MESES,108-02-B-090-FEFOM-14,2014-04-08,""BANCO NACIONAL DE OBRAS Y SERVICIOS P２LICOS, S.N.C."""
"MUNICIPIO DE TEOLOYUCAN,20000000,MENSUALMENTE,180,MESES,091-02-B-091-FEFOM-14,2014-04-10,""BANCO NACIONAL DE OBRAS Y SERVICIOS P２LICOS, S.N.C."""
"MUNICIPIO DE CHAPA DE MOTA,20000000,MENSUALMENTE,180,MESES,021-02-B-092-FEFOM-14,2014-04-10,""BANCO NACIONAL DE OBRAS Y SERVICIOS P２LICOS, S.N.C."""
"MUNICIPIO DE ACOLMAN,30000000,MENSUALMENTE,180,MESES,002-02-B-093-FEFOM-14,2014-04-10,""BANCO NACIONAL DE OBRAS Y SERVICIOS P２LICOS, S.N.C."""
"MUNICIPIO DE NEXTLALPAN,20000000,MENSUALMENTE,180,MESES,060-02-B-094-FEFOM-14,2014-04-10,""BANCO NACIONAL DE OBRAS Y SERVICIOS P２LICOS, S.N.C."""
"MUNICIPIO DE VALLE DE BRAVO,50000000,MENSUALMENTE,180,MESES,110-02-B-095-FEFOM-14,2014-04-10,""BANCO NACIONAL DE OBRAS Y SERVICIOS P２LICOS, S.N.C."""
"MUNICIPIO DE ECATEPEC DE MORELOS,700000000,MENSUALMENTE,300,MESES ,034-02-B-145-FEFOM-14,2014-07-09,""BANCO NACIONAL DE OBRAS Y SERVICIOS P２LICOS, S.N.C."""
"MUNICIPIO DE ECATEPEC DE MORELOS,470000000,MENSUALMENTE,300,MESES,034-02-B-145-FEFOM-01-14,2014-07-09,""BANCO NACIONAL DE OBRAS Y SERVICIOS P２LICOS, S.N.C."""
"MUNICIPIO DE CHIAUTLA,9430000,MENSUALMENTE,180,MESES,023-02-B-254-FEFOM-14,2014-10-29,""BANCO NACIONAL DE OBRAS Y SERVICIOS P２LICOS, S.N.C."""
"MUNICIPIO DE CHICOLOAPAN,78000000,MENSUALMENTE,180,MESES,024-02-B-255-FEFOM-14,2014-10-29,""BANCO NACIONAL DE OBRAS Y SERVICIOS P２LICOS, S.N.C."""
"MUNICIPIO DE COACALCO DE BERRIOZ첵AL,314397258.9,MENSUALMENTE,300,MESES,027-02-B-256-FEFOM-14,2014-10-29,""BANCO NACIONAL DE OBRAS Y SERVICIOS P２LICOS, S.N.C."""
"MUNICIPIO DE IXTAPALUCA,220000000,MENSUALMENTE,240,MESES,041-02-B-257-FEFOM-14,2014-10-29,""BANCO NACIONAL DE OBRAS Y SERVICIOS P２LICOS, S.N.C."""
"MUNICIPIO DE CHALCO,150000000,MENSUALMENTE,240,MESES ,020-02-B-258-FEFOM-14,2014-10-29,""BANCO NACIONAL DE OBRAS Y SERVICIOS P２LICOS, S.N.C."""
"MUNICIPIO DE AXAPUSCO,6730000,MENSUALMENTE,180,MESES ,016-02-B-259-FEFOM-14,2015-01-15,""BANCO NACIONAL DE OBRAS Y SERVICIOS P２LICOS, S.N.C."""
"MUNICIPIO DE CAPULHUAC,21000000,MENSUALMENTE,180,MESES,019-02-B-260-FEFOM-14,2014-10-29,""BANCO NACIONAL DE OBRAS Y SERVICIOS P２LICOS, S.N.C."""
"MUNICIPIO DE ATENCO,23200000,MENSUALMENTE,180,MESES,011-02-B-261-FEFOM-14,2014-10-29,""BANCO NACIONAL DE OBRAS Y SERVICIOS P２LICOS, S.N.C."""
"MUNICIPIO DE OCUILAN,9000000,MENSUALMENTE,180,MESES,065-02-B-263-FEFOM-14,2014-10-30,""BANCO NACIONAL DE OBRAS Y SERVICIOS P２LICOS, S.N.C."""
"MUNICIPIO DE RAY흁,10000000,MENSUALMENTE,180,MESES,072-02-B-264-FEFOM-14,2014-10-30,""BANCO NACIONAL DE OBRAS Y SERVICIOS P２LICOS, S.N.C."""
"MUNICIPIO DE TEMASCALAPA,10068360.47,MENSUALMENTE,180,MESES,084-02-B-265-FEFOM-14,2014-10-30,""BANCO NACIONAL DE OBRAS Y SERVICIOS P２LICOS, S.N.C."""
"MUNICIPIO DE TEPOTZOTL쳁,87984955.4,MENSUALMENTE,180,MESES,095-02-B-266-FEFOM-14,2014-10-30,""BANCO NACIONAL DE OBRAS Y SERVICIOS P２LICOS, S.N.C."""
"MUNICIPIO DE TIANGUISTENCO,40167594.36,MENSUALMENTE,180,MESES,101-02-B-267-FEFOM-14,2014-10-30,""BANCO NACIONAL DE OBRAS Y SERVICIOS P２LICOS, S.N.C."""
"MUNICIPIO DE JUCHITEPEC,18600000,MENSUALMENTE,180,MESES,051-02-B-268-FEFOM-14,2014-10-30,""BANCO NACIONAL DE OBRAS Y SERVICIOS P２LICOS, S.N.C."""
"MUNICIPIO DE MELCHOR OCAMPO,58000000,MENSUALMENTE,180,MESES,055-02-B-269-FEFOM-14,2014-10-30,""BANCO NACIONAL DE OBRAS Y SERVICIOS P２LICOS, S.N.C."""
"MUNICIPIO DE NEZAHUALC흋OTL,300000000,MENSUALMENTE,240,MESES,061-02-B-270-FEFOM-14,2014-10-30,""BANCO NACIONAL DE OBRAS Y SERVICIOS P２LICOS, S.N.C."""
"MUNICIPIO DE ECATEPEC DE MORELOS,230000000,MENSUALMENTE,240,MESES,034-02-B-074-FEFOM-15,2015-02-10,""BBVA BANCOMER, S.A."""
"MUNICIPIO DE ECATEPEC DE MORELOS,0,MENSUALMENTE,240,MESES,034-02-B-074-FEFOM-01-15,2015-02-10,""BBVA BANCOMER, S.A."""
"DIRECCI흁 GENERAL DE ADMINISTRACI흁 DE OBRA P２LICA,607832.79,AL VENCIMIENTO,792,MESES,000-01-C-103-000-15,2015-06-04,""FRAPIMEX, S.A. DE C.V."""
"DIRECCI흁 GENERAL DE ADMINISTRACI흁 DE OBRA P２LICA,684639.6,AL VENCIMIENTO,792,D페S,000-01-C-104-000-15,2015-06-04,""CONSTRUCCI흁 Y SE헤LAMIENTO, S.A. DE C.V."""
"DIRECCI흁 GENERAL DE ADMINISTRACI흁 DE OBRA P２LICA,503055.98,AL VENCIMIENTO,792,D페S,000-01-C-105-000-15,2015-06-04,""CONSTRUCCI흁 Y SE헤LAMIENTO, S.A. DE C.V."""
"DIRECCI흁 GENERAL DE ADMINISTRACI흁 DE OBRA P２LICA,992791.88,AL VENCIMIENTO,792,D페S,000-01-C-106-000-15,2015-06-04,""FRAPIMEX, S.A. DE C.V."""
"DIRECCI흁 GENERAL DE ADMINISTRACI흁 DE OBRA P２LICA,586450.97,AL VENCIMIENTO,792,D페S,000-01-C-107-000-15,2015-06-04,""FRAPIMEX, S.A. DE C.V."""
"GOBIERNO DEL ESTADO DE M텢ICO,24000000,NO APLICA,350,D페S,000-01-B-120-000-15,2015-07-17,""BANCO NACIONAL DE OBRAS Y SERVICIOS P２LICOS, S.N.C."""
"MUNICIPIO DE ZINACANTEPEC,141378107,MENSUALMENTE,150,D페S,120-02-B-150-FEFOM-15,2015-10-19,""BANCO NACIONAL DE OBRAS Y SERVICIOS P２LICOS, S.N.C."""
"MUNICIPIO DE TEMASCALTEPEC,1166000,AL VENCIMIENTO,43,D페S,085-02-B-143-P.Q.-16,2016-12-20,""BANORTE, BANCO MERCANTIL DEL NORTE S.A."""
"MUNICIPIO DE TEMASCALTEPEC,1166000,AL VENCIMIENTO,71,D페S,085-02-B-144-P.Q.-16,2016-12-20,""BANORTE, BANCO MERCANTIL DEL NORTE S.A."""
"MUNICIPIO DE MEXICALTZINGO,3000000,AL VENCIMIENTO,121,D페S,057-02-B-008-P.Q.-17,2017-01-12,""FINANCIERA LOCAL, S.A. DE C.V. SOFOM ENR"""
"MUNICIPIO DE XONACATLAN,2500000,AL VENCIMIENTO,365,D페S ,117-02-B-009-P.Q.-17,2017-01-12,""FINANCIERA LOCAL, S.A. DE C.V. SOFOM ENR"""
"MUNICIPIO DE RAY흁,3500000,AL VENCIMIENTO,365,D페S,072-02-B-040-P.Q.-17,2017-05-08,""FINANCIERA LOCAL, S.A. DE C.V. SOFOM ENR"""
"MUNICIPIO DE CHALCO,36000000,AL VENCIMIENTO,180,D페S,020-02-B-058-P.Q.-17,2017-07-14,""BBVA BANCOMER, S.A."""
"INSTITUTO MEXIQUENSE DE LA INFRAESTRUCTURA F펩ICA EDUCATIVA,2699793.16,AL VENCIMIENTO,791,D페S,000-03-C-059-000-17,2017-08-23,""PINL, S.A. DE C.V."""
"OAPAS NAUCALPAN ,15000000,MENSUALMENTE,156,D페S,059-02-B-064-P.Q.-17,2017-10-04,""LUMO FINANCIERA DEL CENTRO, S.A. DE C.V. SOFOM ENR"""
"MUNICIPIO DE COYOTEPEC,6945000,AL VENCIMIENTO,365,MESES,030-02-B-095-P.Q.-17,2017-01-24,""BANCO INTERACCIONES, S.A."""
"MUNICIPIO DE TEMASCALCINGO,3000000,AL VENCIMIENTO,90,D페S,085-02-B-098-P.Q.-17,2017-01-30,""BBVA BANCOMER, S.A."""
"MUNICIPIO DE TEMAMATLA,1200000,AL VENCIMIENTO,180,D페S,083-02-B-099-P.Q.-17,2017-03-09,""LUMO FINANCIERA DEL CENTRO, S.A. DE C.V. SOFOM ENR"""
"GOBIERNO DEL ESTADO DE M텢ICO,1500000000,MENSUALMENTE,240,MESES,127-02-B-001-001-18,2018-01-29,""BBVA BANCOMER, S.A."""
"GOBIERNO DEL ESTADO DE M텢ICO,1300000000,MENSUALMENTE,240,MESES,127-02-B-005-002-18,2018-10-18,""BANCO NACIONAL DE OBRAS Y SERVICIOS P２LICOS, S.N.C."""
"MUNICIPIO DE CUAUTITL쳁 IZCALLI,50000000,AL VENCIMIENTO,60,D페S,032-02-B-006-P.Q.-18,2018-05-22,""LUMO FINANCIERA DEL CENTRO, S.A. DE C.V. SOFOM ENR"""
"MUNICIPIO DE CUAUTITL쳁 IZCALLI,50000000,AL VENCIMIENTO,60,D페S,032-02-B-006-P.Q.-18,2018-07-30,""LUMO FINANCIERA DEL CENTRO, S.A. DE C.V. SOFOM ENR"""
"MUNICIPIO DE CUAUTITL쳁 IZCALLI,100000000,AL VENCIMIENTO,60,D페S,032-02-B-006-P.Q.-18,2018-05-22,""LUMO FINANCIERA DEL CENTRO, S.A. DE C.V. SOFOM ENR"""
"MUNICIPIO DE CHALCO,29119273.34,AL VENCIMIENTO,129,D페S,020-02-B-008-P.Q.-18,2018-06-05,""FINANCIERA LOCAL, S.A. DE C.V. SOFOM ENR"""
"GOBIERNO DEL ESTADO DE M텢ICO,60000000,AL VENCIMIENTO,365,D페S,127-02-B-009-000-18,2018-06-05,""BANCA AFIRME, S.A."""
"GOBIERNO DEL ESTADO DE M텢ICO,60000000,AL VENCIMIENTO,365,D페S,127-02-B-011-000-18,2018-08-15,""BANORTE, BANCO MERCANTIL DEL NORTE S.A."""
"GOBIERNO DEL ESTADO DE M텢ICO,8500000000,MENSUALMENTE,252,MESES,000-02-B-013-000-18,2018-10-17,""BBVA BANCOMER, S.A."""
"GOBIERNO DEL ESTADO DE M텢ICO,13400000000,MENSUALMENTE,240,MESES,000-02-B-014-000-18,2018-10-17,""BANORTE, BANCO MERCANTIL DEL NORTE S.A."""
"GOBIERNO DEL ESTADO DE M텢ICO,800000000,MENSUALMENTE,252,MESES,000-02-B-015-000-18,2018-10-17,""BBVA BANCOMER, S.A."""
"GOBIERNO DEL ESTADO DE M텢ICO,5000000000,MENSUALMENTE,252,MESES,000-02-B-016-000-18,2018-10-17,""BANCO NACIONAL DE OBRAS Y SERVICIOS P２LICOS, S.N.C."""
"GOBIERNO DEL ESTADO DE M텢ICO,5000000000,MENSUALMENTE,252,MESES,000-02-B-017-000-18,2018-10-17,""BANCO NACIONAL DE OBRAS Y SERVICIOS P２LICOS, S.N.C."""
"GOBIERNO DEL ESTADO DE M텢ICO,3000000000,MENSUALMENTE,240,MESES,000-02-B-018-000-18,2018-10-17,""BANCO SANTANDER, S.A."""
"GOBIERNO DEL ESTADO DE M텢ICO,28000000,AL VENCIMIENTO,21,A헲S,000-01-B-167-002-10,2018-10-17,""BANSI BANCA MULTIPLE, S.A."""
"GOBIERNO DEL ESTADO DE M텢ICO,53042898,MENSUALMENTE,20,A헲S,000-01-B-269-002'1-04,2018-10-18,""BANCO NACIONAL DE OBRAS Y SERVICIOS P２LICOS, S.N.C."""
"GOBIERNO DEL ESTADO DE M텢ICO,60300000,MENSUALMENTE,294,MESES,000-01-B-269-003-04,2018-10-18,""BANCO NACIONAL DE OBRAS Y SERVICIOS P２LICOS, S.N.C."""
"GOBIERNO DEL ESTADO DE M텢ICO,500000000,MENSUALMENTE,210,MESES,000-01-B-269-017'2-04,2018-10-18,""BANCO INTERACCIONES, S.A."""
"GOBIERNO DEL ESTADO DE M텢ICO,109994825.4,MENSUALMENTE,229,MESES,000-01-B-269-018'1-04,2018-10-18,""BANCO SANTANDER, S.A."""
"GOBIERNO DEL ESTADO DE M텢ICO,109994825.4,MENSUALMENTE,229,MESES,000-01-B-269-019'1-04,2018-10-18,""BANCO SANTANDER, S.A."""
"GOBIERNO DEL ESTADO DE M텢ICO,109994825.4,MENSUALMENTE,229,MESES,000-01-B-269-020'1-04,2018-10-18,""BANCO SANTANDER, S.A."""
"GOBIERNO DEL ESTADO DE M텢ICO,109994825.4,MENSUALMENTE,229,MESES,000-01-B-269-021'1-04,2018-10-18,""BANCO SANTANDER, S.A."""
"GOBIERNO DEL ESTADO DE M텢ICO,109994825.4,MENSUALMENTE,229,MESES,000-01-B-269-022'1-04,2018-10-18,""BANCO SANTANDER, S.A."""
"GOBIERNO DEL ESTADO DE M텢ICO,109994825.4,MENSUALMENTE,229,MESES,000-01-B-269-023'1-04,2018-10-18,""BANCO SANTANDER, S.A."""
"GOBIERNO DEL ESTADO DE M텢ICO,109994825.4,MENSUALMENTE,229,MESES,000-01-B-269-024'1-04,2018-10-18,""BANCO SANTANDER, S.A."""
"GOBIERNO DEL ESTADO DE M텢ICO,109994825.4,MENSUALMENTE,229,MESES,000-01-B-269-025'1-04,2018-10-18,""BANCO SANTANDER, S.A."""
"GOBIERNO DEL ESTADO DE M텢ICO,109994825.4,MENSUALMENTE,229,MESES,000-01-B-269-026'1-04,2018-10-18,""BANCO SANTANDER, S.A."""
"GOBIERNO DEL ESTADO DE M텢ICO,109994825.4,MENSUALMENTE,229,MESES,000-01-B-269-027'1-04,2018-10-18,""BANCO SANTANDER, S.A."""
"GOBIERNO DEL ESTADO DE M텢ICO,1068178893,MENSUALMENTE,115,MESES,000-01-C-079-01'1-08,2018-10-18,""BANCO NACIONAL DE OBRAS Y SERVICIOS P２LICOS, S.N.C."""
"GOBIERNO DEL ESTADO DE M텢ICO,356059631,MENSUALMENTE,115,MESES,000-01-C-079-02'1-08,2018-10-24,""BANCO NACIONAL DE OBRAS Y SERVICIOS P２LICOS, S.N.C."""
"GOBIERNO DEL ESTADO DE M텢ICO,492925953.9,MENSUALMENTE,175,MESES,000-01-C-079-03'1-08,2018-10-24,""BANCO NACIONAL DE OBRAS Y SERVICIOS P２LICOS, S.N.C."""
"GOBIERNO DEL ESTADO DE M텢ICO,1806583651,MENSUALMENTE,115,MESES,000-01-C-079-04'3-08,2018-10-24,""BANCO NACIONAL DE OBRAS Y SERVICIOS P２LICOS, S.N.C."""
"GOBIERNO DEL ESTADO DE M텢ICO,4516459127,MENSUALMENTE,115,MESES,000-01-C-079-05'3-08,2018-10-24,""BANCO NACIONAL DE OBRAS Y SERVICIOS P２LICOS, S.N.C."""
"GOBIERNO DEL ESTADO DE M텢ICO,2709875476,MENSUALMENTE,235,MESES,000-01-C-079-06'1-08,2018-10-24,""BANCO NACIONAL DE OBRAS Y SERVICIOS P２LICOS, S.N.C."""
"GOBIERNO DEL ESTADO DE M텢ICO,60000000,MENSUALMENTE,263,MESES,000-01-B-035-001-11,2018-10-18,""BANCO NACIONAL DE OBRAS Y SERVICIOS P２LICOS, S.N.C."""
"GOBIERNO DEL ESTADO DE M텢ICO,3017550408,MENSUALMENTE,240,MESES,000-01-B-060-003-12,2018-10-18,""BANCO NACIONAL DE OBRAS Y SERVICIOS P２LICOS, S.N.C."""
"GOBIERNO DEL ESTADO DE M텢ICO,24000000,MENSUALMENTE,345,MESES,000-01-B-120-002-15,2018-10-18,""BANCO NACIONAL DE OBRAS Y SERVICIOS P２LICOS, S.N.C."""
"MUNICIPIO DE CHIMALHUACAN,108000000,AL VENCIMIENTO,365,D페S,026-02-B-001-P.Q.-19,2019-01-28,""BANCO AZTECA, S.A."""
"GOBIERNO DEL ESTADO DE M텢ICO,1500000000,MENSUALMENTE,364,D페S,000-01-B-002-P.Q.-19,2019-01-29,""BANAMEX, S.A."""
"GOBIERNO DEL ESTADO DE M텢ICO,2000000000,MENSUALMENTE,1209,D페S,000-01-C-003-001-19,2019-04-11,""BANAMEX, S.A."""
"GOBIERNO DEL ESTADO DE M텢ICO,4000000000,MENSUALMENTE,1483,D페S,000-01-C-003-002-19,2019-04-11,""BANAMEX, S.A."""
"MUNICIPIO DE CHALCO,40000000,AL VENCIMIENTO,180,D페S,020-02-B-004-P.Q.-19,2019-05-23,""BBVA BANCOMER, S.A."""
"MUNICIPIO DE ZINACANTEPEC,10000000,AL VENCIMIENTO,365,D페S,120-02-B-005-P.Q.-19,2019-05-30,""BANORTE, BANCO MERCANTIL DEL NORTE S.A."""
